{
    "epoch": 3.0,
    "eval_accuracy": 0.9434210526315789,
    "eval_f1": 0.9433903745963327,
    "eval_loss": 0.17285066843032837,
    "eval_precision": 0.9436522436715253,
    "eval_recall": 0.943421052631579,
    "eval_runtime": 26.3766,
    "eval_samples_per_second": 288.134,
    "eval_steps_per_second": 9.023
}