loss,grad_norm,learning_rate,epoch,step,eval_loss,eval_accuracy,eval_precision,eval_recall,eval_f1,eval_runtime,eval_samples_per_second,eval_steps_per_second,train_runtime,train_samples_per_second,train_steps_per_second,total_flos,train_loss
0.3046,1.1998729705810547,0.00014820740740740742,1.0,3750,,,,,,,,,,,,,
,,,1.0,3750,0.19670696556568146,0.934078947368421,0.9343904834865682,0.9340789473684211,0.9341067971496558,26.3594,288.322,9.029,,,,,
0.1837,1.2594412565231323,7.417283950617284e-05,2.0,7500,,,,,,,,,,,,,
,,,2.0,7500,0.1764024943113327,0.9393421052631579,0.9395757967556737,0.9393421052631579,0.9393859090771348,26.3395,288.54,9.036,,,,,
0.1655,1.2040592432022095,1.1851851851851853e-07,3.0,11250,,,,,,,,,,,,,
,,,3.0,11250,0.17285066843032837,0.9434210526315789,0.9436522436715253,0.943421052631579,0.9433903745963327,26.3151,288.807,9.044,,,,,
,,,3.0,11250,,,,,,,,,2826.4714,127.367,3.98,2.129336038039757e+16,0.21791106228298612
,,,3.0,11250,0.17285066843032837,0.9434210526315789,0.9436522436715253,0.943421052631579,0.9433903745963327,26.3766,288.134,9.023,,,,,
