{
    "epoch": 5.0,
    "eval_accuracy": 0.9486842105263158,
    "eval_f1": 0.948540831957212,
    "eval_loss": 0.163645401597023,
    "eval_precision": 0.9490071894799171,
    "eval_recall": 0.9486842105263158,
    "eval_runtime": 30.4404,
    "eval_samples_per_second": 249.668,
    "eval_steps_per_second": 7.819,
    "total_flos": 3.5464119125420544e+16,
    "train_loss": 0.17711485188802084,
    "train_runtime": 5909.6827,
    "train_samples_per_second": 121.834,
    "train_steps_per_second": 3.807
}