{
    "epoch": 5.0,
    "total_flos": 3.5464119125420544e+16,
    "train_loss": 0.17711485188802084,
    "train_runtime": 5909.6827,
    "train_samples_per_second": 121.834,
    "train_steps_per_second": 3.807
}